<?xml version="1.0"?>
<doc>
    <assembly>
        <name>Comments</name>
    </assembly>
    <members>
        <member name="M:Program.Main(System.String[])">
            XML Comments are used to help provide documentation
            They start with triple-slashes and have a special syntax
            <summary>
            XML Comments are used to help provide documentation
            </summary>
            <param name="args"></param>
            <returns>
            No return value 
            </returns>
        </member>
    </members>
</doc>
